{"cameraMode":{"drawMode":0,"name":"Shaded","section":"Shading Mode"},"sceneLighting":true,"audioPlay":false,"sceneViewState":{"m_AlwaysRefresh":false,"showFog":true,"showSkybox":true,"showFlares":true,"showImageEffects":true,"showParticleSystems":true,"showVisualEffectGraphs":true,"m_FxEnabled":true},"in2DMode":false,"pivot":{"x":-2.9026498794555666,"y":12.802983283996582,"z":14.271907806396485},"rotation":{"x":-0.34926873445510867,"y":0.035269662737846377,"z":-0.017350275069475175,"w":-0.936853289604187},"size":8.9320707321167,"orthographic":false}