{"cameraMode":{"drawMode":0,"name":"Shaded","section":"Shading Mode"},"sceneLighting":true,"audioPlay":false,"sceneViewState":{"m_AlwaysRefresh":false,"showFog":true,"showSkybox":true,"showFlares":true,"showImageEffects":true,"showParticleSystems":true,"showVisualEffectGraphs":true,"m_FxEnabled":true},"in2DMode":false,"pivot":{"x":12.976095199584961,"y":-14.886316299438477,"z":13.253350257873536},"rotation":{"x":-0.20724527537822724,"y":-0.022888503968715669,"z":0.004870426841080189,"w":-0.9780412912368774},"size":48.323970794677737,"orthographic":false}